id,Departure_Date
vh1,2023-05-30T11:00:00
vh2,2023-06-02T11:00:00
vh3,2023-06-06T11:00:00
vh4,2023-06-09T11:00:00
vh5,2023-06-13T11:00:00
vh6,2023-06-16T11:00:00
vh7,2023-06-20T11:00:00
vh8,2023-06-23T11:00:00
vh9,2023-06-27T11:00:00
vh10,2023-06-30T11:00:00
vh11,2023-07-04T11:00:00
vh12,2023-07-07T11:00:00
vh13,2023-07-11T11:00:00
vh14,2023-07-14T11:00:00
vh15,2023-07-18T11:00:00
vh16,2023-07-21T11:00:00
vh17,2023-07-25T11:00:00
vh18,2023-07-28T11:00:00
vh19,2023-08-01T11:00:00
vh20,2023-08-04T11:00:00
vh21,2023-08-08T11:00:00
vh22,2023-08-11T11:00:00
vh23,2023-08-15T11:00:00
vh24,2023-08-18T11:00:00
vh25,2023-08-22T11:00:00
vh26,2023-08-25T11:00:00
vh27,2023-08-29T11:00:00
vh28,2023-09-01T11:00:00
vh29,2023-09-05T11:00:00
vh30,2023-09-08T11:00:00
vh31,2023-09-12T11:00:00
vh32,2023-09-15T11:00:00
vh33,2023-09-19T11:00:00
vh34,2023-09-22T11:00:00
vh35,2023-09-26T11:00:00
vh36,2023-09-29T11:00:00
vh37,2023-10-03T11:00:00
vh38,2023-10-06T11:00:00
vh39,2023-10-10T11:00:00
vh40,2023-10-13T11:00:00
vh41,2023-10-17T11:00:00
vh42,2023-10-20T11:00:00
vh43,2023-10-24T11:00:00
vh44,2023-10-27T11:00:00
vh45,2023-10-31T11:00:00
vh46,2023-11-03T11:00:00
vh47,2023-11-07T11:00:00
vh48,2023-11-10T11:00:00
vh49,2023-11-14T11:00:00
vh50,2023-11-17T11:00:00
vh52,2023-11-24T11:00:00
vh53,2023-11-28T11:00:00
vh54,2023-12-01T11:00:00
vh55,2023-12-05T11:00:00
vh56,2023-12-08T11:00:00
vh57,2023-12-12T11:00:00
vh58,2023-12-15T11:00:00
vh59,2023-12-19T11:00:00
vh60,2023-12-22T11:00:00
vh61,2023-12-26T11:00:00
vh62,2023-12-29T11:00:00
vh63,2024-01-02T11:00:00
vh64,2024-01-05T11:00:00
vh65,2024-01-09T11:00:00
vh66,2024-01-12T11:00:00
vh67,2024-01-16T11:00:00
vh68,2024-01-19T11:00:00
vh69,2024-01-23T11:00:00
vh70,2024-01-26T11:00:00
vh71,2024-01-30T11:00:00
vh73,2024-02-06T11:00:00
vh74,2024-02-09T11:00:00
vh75,2024-02-13T11:00:00
vh76,2024-02-16T11:00:00
vh77,2024-02-20T11:00:00
vh78,2024-02-23T11:00:00
vh79,2024-02-27T11:00:00
vh80,2024-03-01T11:00:00
vh81,2024-03-05T11:00:00
vh82,2024-03-08T11:00:00
vh83,2024-03-12T11:00:00
vh84,2024-03-15T11:00:00
vh85,2024-03-19T11:00:00
vh86,2024-03-22T11:00:00
vh87,2024-03-26T11:00:00
vh88,2024-03-29T11:00:00
vh89,2024-04-02T11:00:00
vh90,2024-04-05T11:00:00
vh91,2024-04-09T11:00:00
vh92,2024-04-12T11:00:00
vh93,2024-04-16T11:00:00
vh94,2024-04-19T11:00:00
vh95,2024-04-23T11:00:00
vh96,2024-04-26T11:00:00
vh97,2024-04-30T11:00:00
vh98,2024-05-03T11:00:00
vh99,2024-05-07T11:00:00
vh100,2024-05-10T11:00:00
vh101,2024-05-14T11:00:00
vh102,2024-05-17T11:00:00
vh103,2024-05-21T11:00:00
vh104,2024-05-24T11:00:00
vh105,2024-05-28T11:00:00
vh106,2024-05-31T11:00:00
vh107,2024-06-04T11:00:00
vh108,2024-06-07T11:00:00
vh109,2024-06-11T11:00:00
vh110,2024-06-14T11:00:00
vh111,2024-06-18T11:00:00
vh112,2024-06-21T11:00:00
vh113,2024-06-25T11:00:00
vh114,2024-06-28T11:00:00
vh115,2024-07-02T11:00:00
vh116,2024-07-05T11:00:00
vh117,2024-07-09T11:00:00
vh118,2024-07-12T11:00:00
vh119,2024-07-16T11:00:00
vh120,2024-07-19T11:00:00
vh121,2024-07-23T11:00:00
vh122,2024-07-26T11:00:00
vh123,2024-07-30T11:00:00
vh124,2024-08-02T11:00:00
vh125,2024-08-06T11:00:00
vh126,2024-08-09T11:00:00
vh127,2024-08-13T11:00:00
vh128,2024-08-16T11:00:00
vh129,2024-08-20T11:00:00
